especie,fecha,apertura,maximo,minimo,cierre,volumen,timestamp
AL30,2020-09-07,6340,6493,6100,6270,3693179,1599447600
AL30,2020-09-08,6270,6350,6200,6320,13314126,1599534000
AL30,2020-09-09,6350,6440,6348,6377,29660802,1599620400
AL30,2020-09-10,6375,6428.5,6370,6415,31655656,1599706800
AL30,2020-09-11,6410,6505,6395,6401,36047588,1599793200
AL30,2020-09-14,6450,6450,6350,6391,43373692,1600052400
AL30,2020-09-15,6400,6449,6203,6235,45305728,1600138800
AL30,2020-09-16,6300,6424,6050.5,6120,22676280,1600225200
AL30,2020-09-17,6120,6150,5870,5925,40474944,1600311600
AL30,2020-09-18,5925,6170,5920,6110,29795600,1600398000
AL30,2020-09-21,6110,6130,5917.5,6041,26353152,1600657200
AL30,2020-09-22,6060,6140,5996.5,6100,33424176,1600743600
AL30,2020-09-23,6110,6330,6056,6270,43523344,1600830000
AL30,2020-09-24,6270,6344,6010,6020,44108504,1600916400
AL30,2020-09-25,6080,6165,6050,6115,40880668,1601002800
AL30,2020-09-28,6125,6199,6110,6165,31525812,1601262000
AL30,2020-09-29,6200,6210,6160,6200,44005388,1601348400
AL30,2020-09-30,6207,6240,6173.5,6190,43959908,1601434800
AL30,2020-10-01,6200,6270,6114,6215,41286008,1601521200
AL30,2020-10-02,6200,6300,6120,6120,58244876,1601607600
AL30,2020-10-05,6180,6252,6180,6251,44046332,1601866800
AL30,2020-10-06,6270,6315,6200,6230,41495540,1601953200
AL30,2020-10-07,6225,6255,6205,6226,32744472,1602039600
AL30,2020-10-08,6227,6300,6190,6300,20591468,1602126000
AL30,2020-10-09,6320,6475,6300.5,6415,54079688,1602212400
AL30,2020-10-13,6500,6510,6422,6485,47782144,1602558000
AL30,2020-10-14,6500,6680,6491,6680,43634184,1602644400
AL30,2020-10-15,6719,7027.5,6690,6880.5,63821280,1602730800
AL30,2020-10-16,6950,7000,6710,6720,70157800,1602817200
AL30,2020-10-19,6790,6830,6560,6650,48890732,1603076400
AL30,2020-10-20,6700,6700,6505,6659,48375296,1603162800
AL30,2020-10-21,6720,6790,6550,6555,79399896,1603249200
AL30,2020-10-22,6625,6680,6520,6540,62595648,1603335600
AL30,2020-10-23,6540,6580,6230,6230,81893816,1603422000
AL30,2020-10-26,6280,6360,5975,6010,50372024,1603681200
AL30,2020-10-27,6013,6139.5,5995,6000,43561132,1603767600
AL30,2020-10-28,6039.5,6060,5620,5620,66610248,1603854000
AL30,2020-10-29,5750,5750,5575,5580,57971720,1603940400
AL30,2020-10-30,5647,5647,5440,5450,53158016,1604026800
AL30,2020-11-02,5580,5580,5380,5380,56642272,1604286000
AL30,2020-11-03,5448.5,5468,5370.5,5380,87152224,1604372400
AL30,2020-11-04,5424,5459.5,5364,5365,116408192,1604458800
AL30,2020-11-05,5409,5520,5380,5390,87753064,1604545200
AL30,2020-11-06,5438,5449.5,5375,5380,28537284,1604631600
AL30,2020-11-09,5448,5448,5410,5445,51388616,1604890800
AL30,2020-11-10,5461,5500,5430,5431,73240184,1604977200
AL30,2020-11-11,5485,5705,5445,5705,42125360,1605063600
AL30,2020-11-12,5630,5630,5508,5585,69275968,1605150000
AL30,2020-11-13,5585,5675,5585,5635,63864188,1605236400
AL30,2020-11-16,5690,5784,5662,5750,62966980,1605495600
AL30,2020-11-17,5775,5825,5766.5,5790,49704304,1605582000
AL30,2020-11-18,5800,5865,5800,5800,73453824,1605668400
AL30,2020-11-19,5839,5840,5775,5777.5,46700304,1605754800
AL30,2020-11-20,5820,5820,5745,5747,55503228,1605841200
AL30,2020-11-24,5758,5795,5700,5745,35683604,1606186800
AL30,2020-11-25,5771,5789,5706,5750,36982512,1606273200
AL30,2020-11-26,5798,5798,5713,5717,25866792,1606359600
AL30,2020-11-27,5740,5758,5615,5674,26203832,1606446000
AL30,2020-11-30,5699,5699,5551,5581,29089824,1606705200
AL30,2020-12-01,5590,5600,5554,5568,16949292,1606791600
AL30,2020-12-02,5568,5579.5,5507,5579.5,21461988,1606878000
AL30,2020-12-03,5590,5590,5424.5,5450,23974196,1606964400
AL30,2020-12-04,5499.5,5530,5440,5483,24395062,1607050800
AL30,2020-12-09,5600,5600,5445,5457,26203300,1607482800
AL30,2020-12-10,5460,5515,5420,5483,27826496,1607569200
AL30,2020-12-11,5470,5575,5438,5570,20092070,1607655600
AL30,2020-12-14,5645,5750,5570,5658,27523544,1607914800
AL30,2020-12-15,5710,5710,5658.5,5677,22431030,1608001200
AL30,2020-12-16,5700,5710,5580,5619.5,26015828,1608087600
AL30,2020-12-17,5640,5650,5587,5609,22026552,1608174000
AL30,2020-12-18,5619,5699.5,5610,5660,54821832,1608260400
AL30,2020-12-21,5690,5728,5655,5655,28850470,1608519600
AL30,2020-12-22,5700,5720,5675,5701,34778224,1608606000
AL30,2020-12-23,5705,5745,5700,5701,54836688,1608692400
AL30,2020-12-28,5736,5760,5714,5726,60551036,1609124400
AL30,2020-12-29,5759,5780,5730,5732,42717164,1609210800
AL30,2020-12-30,5799,5799,5730,5731,66060160,1609297200
AL30,2021-01-04,5788,5798,5759,5771,89344192,1609729200
AL30,2021-01-05,5799,5810,5772,5778,86608376,1609815600
AL30,2021-01-06,5813,5819,5790,5790,108158272,1609902000
AL30,2021-01-07,5815,5815,5762,5768,69031048,1609988400
AL30,2021-01-08,5790,5790,5726,5730,58725832,1610074800
AL30,2021-01-11,5759,5780,5690,5692,41436984,1610334000
AL30,2021-01-12,5729,5729,5657,5660,37959072,1610420400
AL30,2021-01-13,5688,5688,5640,5641,44952132,1610506800
AL30,2021-01-14,5659,5659,5630,5635,48747944,1610593200
AL30,2021-01-15,5681,5681,5624,5625,53358696,1610679600
AL30,2021-01-18,5649,5675,5630.5,5640,56090768,1610938800
AL30,2021-01-19,5689.5,5689.5,5642,5643,50096776,1611025200
AL30,2021-01-20,5660,5669,5638,5645,33033710,1611111600
AL30,2021-01-21,5660,5670,5647,5647,38463296,1611198000
AL30,2021-01-22,5663,5663,5641,5644,40452488,1611284400
AL30,2021-01-25,5659,5664,5649,5656,35825948,1611543600
AL30,2021-01-26,5669,5684,5658,5667,40936584,1611630000
AL30,2021-01-27,5680,5685,5661,5664,38557336,1611716400
AL30,2021-01-28,5670,5689,5659.5,5660,51589912,1611802800
AL30,2021-01-29,5670,5677.5,5638,5640,29534500,1611889200
AL30,2021-02-01,5660,5660,5645,5650,37446340,1612148400
AL30,2021-02-02,5667,5669,5650.5,5651,36659124,1612234800
AL30,2021-02-03,5655,5669.5,5641,5642,33009968,1612321200
AL30,2021-02-04,5659,5659,5637.5,5640,34778216,1612407600
AL30,2021-02-05,5641,5655,5626,5628,39062884,1612494000
AL30,2021-02-08,5643,5647.5,5626.5,5628,27063752,1612753200
AL30,2021-02-09,5641,5641,5618.5,5628,22746744,1612839600
AL30,2021-02-10,5628,5639,5590,5608,23515740,1612926000
AL30,2021-02-11,5610,5625,5490,5490,21024060,1613012400
AL30,2021-02-12,5495,5513.5,5358,5382,13105092,1613098800
AL30,2021-02-17,5385,5395,5180,5185,20834168,1613530800
AL30,2021-02-18,5218,5220,5055,5210,32536744,1613617200
AL30,2021-02-19,5207,5214,5060,5090,41600324,1613703600
AL30,2021-02-22,5110,5110,4900,5045,57180576,1613962800
AL30,2021-02-23,5073,5073,4940,5000,28058330,1614049200
AL30,2021-02-24,5015,5098.5,4960,5085,21117046,1614135600
AL30,2021-02-25,5084.5,5224.5,5039.5,5176,33773048,1614222000
AL30,2021-02-26,5225,5330,5185,5220,44029656,1614308400
AL30,2021-03-01,5277,5320,5263.5,5289,38100932,1614567600
AL30,2021-03-02,5300,5329,5296,5303,2350108,1614654000
AL30,2021-03-03,5310,5310,5205.5,5292,777833,1614740400
AL30,2021-03-04,5319,5340.5,5275.5,5279,599825,1614826800
AL30,2021-03-05,5303,5303,5200.5,5215,162290,1614913200
AL30,2021-03-08,5238,5238,5131,5215,381367,1615172400
AL30,2021-03-09,5198,5199.5,5085,5109,29040,1615258800
AL30,2021-03-10,5090,5090,4826,4840,81918,1615345200
AL30,2021-03-11,4874.5,4955,4825.5,4860,22798,1615431600
AL30,2021-03-12,4880,4990,4820,4981,22627358,1615518000
AL30,2021-03-15,4985,5056,4950,5055,20322344,1615777200
AL30,2021-03-16,5098,5148.5,5055,5119,17309424,1615863600
AL30,2021-03-17,5122,5215,5080.5,5201,22909634,1615950000
AL30,2021-03-18,5220,5220,5140,5183.5,20009724,1616036400
AL30,2021-03-19,5200,5200,5160,5172.5,20474978,1616122800
AL30,2021-03-22,5193,5219,5115,5212,28260056,1616382000
AL30,2021-03-23,5212,5212.5,5140,5140,19548052,1616468400
AL30,2021-03-25,5100,5100,4826,4992,6125,1616641200
AL30,2021-03-26,4980,4980,4870,4890,21665776,1616727600
AL30,2021-03-29,4890,4890,4751.5,4801,26109848,1616986800
AL30,2021-03-30,4817,4838.5,4751,4814,25151496,1617073200
AL30,2021-03-31,4831,4877.5,4797,4841.5,15793031,1617159600
AL30,2021-04-05,4835,4942,4801,4942,18243626,1617591600
AL30,2021-04-06,4969,5015,4933,4975,27640896,1617678000
AL30,2021-04-07,5000,5000,4935,4970,17419096,1617764400
AL30,2021-04-08,4990,4990,4940,4975,19077612,1617850800
AL30,2021-04-09,4986,4986,4932.5,4935,15429926,1617937200
AL30,2021-04-12,4941,4975,4938,4974,14990633,1618196400
AL30,2021-04-13,4979,4998,4953,4972,21712230,1618282800
AL30,2021-04-14,4995,5098,4953.5,4971,18116794,1618369200
AL30,2021-04-15,5000,5024,4910,4920,10252918,1618455600
AL30,2021-04-16,4944,4944,4906,4915,14579188,1618542000
AL30,2021-04-19,4915,4985,4878.5,4962,14555624,1618801200
AL30,2021-04-20,4980,5000,4950,5000,13864303,1618887600
AL30,2021-04-21,5050,5050,4980,4996,11195987,1618974000
AL30,2021-04-22,5019,5030,4996,5001,16861400,1619060400
AL30,2021-04-23,5038,5090.5,5000.5,5077,15614043,1619146800
AL30,2021-04-26,5097,5250,5090,5240,128095,1619406000
AL30,2021-04-27,5299,5350,5255,5340,17716752,1619492400
AL30,2021-04-28,5395,5452,5340.5,5366,53813428,1619578800
AL30,2021-04-29,5371,5398,5360,5362,32476352,1619665200
AL30,2021-04-30,5389,5399,5350,5351,618557,1619751600
AL30,2021-05-03,5388,5465,5353,5381,54172820,1620010800
AL30,2021-05-04,5420,5470,5385,5385,66351884,1620097200
AL30,2021-05-05,5419,5450,5388,5390,49906316,1620183600
AL30,2021-05-06,5425,5425,5363,5365,23984442,1620270000
AL30,2021-05-07,5370,5383,5272,5296,18686452,1620356400
AL30,2021-05-10,5296,5304.5,5251,5296,14070127,1620615600
AL30,2021-05-11,5296,5296,5173,5180,13018968,1620702000
AL30,2021-05-12,5197,5239,5144,5226,14918231,1620788400
AL30,2021-05-13,5226,5275,5226,5260,18077614,1620874800
AL30,2021-05-14,5288,5423,5288,5410,21657870,1620961200
AL30,2021-05-17,5440,5570,5420,5521,417065,1621220400
AL30,2021-05-18,5535,5610,5495,5521,1479098,1621306800
AL30,2021-05-19,5589,5589,5488,5488,2981612,1621393200
AL30,2021-05-20,5500,5519,5465,5468,1692464,1621479600
AL30,2021-05-21,5479,5508,5448,5448,0,1621566000
AL30,2021-05-26,5481,5655.5,5480,5603,34654884,1621998000
AL30,2021-05-27,5640,5709,5620,5660,46827624,1622084400
AL30,2021-05-28,5660,5684.5,5578,5638,1646341,1622170800
AL30,2021-05-31,5640,5700,5640,5656,20396340,1622430000
AL30,2021-06-01,5697,5751,5661,5730,27209174,1622516400
AL30,2021-06-02,5752,5900,5750,5870,30727460,1622602800
AL30,2021-06-03,5899,5940,5797,5816,17898888,1622689200
AL30,2021-06-04,5819,5900,5755,5767,16722405,1622775600
AL30,2021-06-07,5771,5890,5750,5860,24685260,1623034800
AL30,2021-06-08,5880,5949.5,5862,5941,12023481,1623121200
AL30,2021-06-09,5968,6025,5966,6012,17589708,1623207600
AL30,2021-06-10,6049,6060,6014,6040,11752668,1623294000
AL30,2021-06-11,6043,6100,6035,6055,15722225,1623380400
AL30,2021-06-14,6060,6078.5,6025,6049.5,13739191,1623639600
AL30,2021-06-15,6060,6060,6015.5,6041,14987527,1623726000
AL30,2021-06-16,6087,6088,6030.5,6043,23872860,1623812400
AL30,2021-06-17,6078,6080,6019.5,6020,44276440,1623898800
AL30,2021-06-18,6030,6050,5961.5,5962,26493108,1623985200
AL30,2021-06-22,5959,5960,5880.5,5887,57153324,1624330800
AL30,2021-06-23,5949,5985,5880,5880,65193384,1624417200
AL30,2021-06-24,5939,5939,5832,5833,72787456,1624503600
AL30,2021-06-25,5833,5849,5720,5722,77023384,1624590000
AL30,2021-06-28,5740,5779.5,5671,5673,97319736,1624849200
AL30,2021-06-29,5685,5708,5590,5592,82173184,1624935600
AL30,2021-06-30,5624,5628.5,5549,5550,112793752,1625022000
AL30,2021-07-01,5580,5639,5550,5603,72484432,1625108400
AL30,2021-07-02,5650,5789.5,5617,5666,55318360,1625194800
AL30,2021-07-05,5699,5748.5,5625,5626,65919100,1625454000
AL30,2021-07-06,5688,5688,5604,5605,87743192,1625540400
AL30,2021-07-07,5616,5649.5,5594,5611,80291296,1625626800
AL30,2021-07-08,5639,5655,5612,5635,56799796,1625713200
AL30,2021-07-12,5679,5719,5660,5694,28132160,1626058800
AL30,2021-07-13,5729,5774.5,5711,5747,26038312,1626145200
AL30,2021-07-14,5800,5829,5772.5,5800,29538512,1626231600
AL30,2021-07-15,5837,5857,5815,5832,42063816,1626318000
AL30,2021-07-16,5870,5919,5840,5887,58033816,1626404400
AL30,2021-07-19,5949,5985,5897,5942,84925344,1626663600
AL30,2021-07-20,5990,6070,5970,6010,112227872,1626750000
AL30,2021-07-21,6095,6118,6039,6040,91021952,1626836400
AL30,2021-07-22,6095,6095,6038,6040,101126368,1626922800
AL30,2021-07-23,6070,6083,6039.5,6040,98088984,1627009200
AL30,2021-07-26,6085,6085,6042,6042,111606136,1627268400
AL30,2021-07-27,6077,6077,6045,6045,112200480,1627354800
AL30,2021-07-28,6075,6075,6045.5,6046,100343776,1627441200
AL30,2021-07-29,6069,6069,6030,6044,104001800,1627527600
AL30,2021-07-30,6061,6063,6032.5,6033,116107688,1627614000
AL30,2021-08-02,6058,6063,6034,6035,125320296,1627873200
AL30,2021-08-03,6058,6059,6035,6035,130036456,1627959600
AL30,2021-08-04,6052,6053,6009,6010,72401024,1628046000
AL30,2021-08-05,6028,6028,5978,5980,69606064,1628132400
AL30,2021-08-06,5992,5992,5945,5948,67025384,1628218800
AL30,2021-08-09,5959,5980,5925.5,5965,51771792,1628478000
AL30,2021-08-10,5979,6028.5,5969.5,6005,51983912,1628564400
AL30,2021-08-11,6041,6064,6019,6041,58469344,1628650800
AL30,2021-08-12,6077,6083,6045.5,6052,31019324,1628737200
AL30,2021-08-13,6065,6065,5900,5951,31177872,1628823600
AL30,2021-08-17,5938,5991,5858,5975,48766200,1629169200
AL30,2021-08-18,5988,6013,5940.5,5981,46635168,1629255600
AL30,2021-08-19,5990,6009.5,5979,5980,63554096,1629342000
AL30,2021-08-20,6000,6002,5971,5972,47372336,1629428400
AL30,2021-08-23,5995,5998,5974,5975,59068744,1629687600
AL30,2021-08-24,5994,6018,5985,5996,75785760,1629774000
AL30,2021-08-25,6015,6025,5998,6001,68608440,1629860400
AL30,2021-08-26,6017,6024,6007,6020,50605244,1629946800
AL30,2021-08-27,6040,6081,6030,6056,91203320,1630033200
AL30,2021-08-30,6080,6130,6065,6121,65171168,1630292400
AL30,2021-08-31,6140,6184.5,6133,6182,79017568,1630378800
AL30,2021-09-01,6190,6300,6190,6285,98069184,1630465200
AL30,2021-09-02,6314,6399,6314,6390,82429776,1630551600
AL30,2021-09-03,6430,6430,6379.5,6400,60292004,1630638000
AL30,2021-09-06,6424.5,6468,6402,6450,80125056,1630897200
AL30,2021-09-07,6499,6502.5,6460,6480,87525696,1630983600
AL30,2021-09-08,6500,6523,6441,6450,80179632,1631070000
AL30,2021-09-09,6464,6464,6421.5,6441,94453056,1631156400
AL30,2021-09-10,6459,6464,6426.5,6430,64711748,1631242800
AL30,2021-09-13,6560,6793,6560,6573,70117096,1631502000
AL30,2021-09-14,6580,6605,6541,6561,42728384,1631588400
AL30,2021-09-15,6585,6585,6525.5,6557,40814612,1631674800
AL30,2021-09-16,6567,6594,6532.5,6579,81488032,1631761200
AL30,2021-09-17,6594,6608.5,6569.5,6570,63803104,1631847600
AL30,2021-09-20,6572,6572,6499,6541,73244040,1632106800
AL30,2021-09-21,6560,6577,6511,6520,50636764,1632193200
AL30,2021-09-22,6535,6535,6500.5,6520,67123488,1632279600
AL30,2021-09-23,6520,6558.5,6520,6524,87196224,1632366000
AL30,2021-09-24,6557,6557,6475,6479,88233768,1632452400
AL30,2021-09-27,6500,6525,6460,6470,116948656,1632711600
AL30,2021-09-28,6483,6498,6470,6474,145621872,1632798000
AL30,2021-09-29,6500,6555.5,6494.5,6502,186851168,1632884400
AL30,2021-09-30,6540,6549.5,6495,6497,136431072,1632970800
AL30,2021-10-01,6539,6539,6487,6489,125221392,1633057200
AL30,2021-10-04,6513,6513,6484.5,6485,120882224,1633316400
AL30,2021-10-05,6494,6497,6469,6470,86183168,1633402800
AL30,2021-10-06,6450,6460,6320,6415,50943580,1633489200
AL30,2021-10-07,6436.5,6436.5,6392,6421,69628592,1633575600
AL30,2021-10-12,6420,6420,6375,6394,41622544,1634007600
AL30,2021-10-13,6400,6409,6394,6395,40189712,1634094000
AL30,2021-10-14,6407,6409,6395.5,6400,41798428,1634180400
AL30,2021-10-15,6417,6417,6380,6391,21572860,1634266800
AL30,2021-10-18,6394,6394,6360,6382,32737660,1634526000
AL30,2021-10-19,6385,6397.5,6383,6389,40883668,1634612400
AL30,2021-10-20,6389,6407,6389,6401,55697792,1634698800
AL30,2021-10-21,6430,6430,6401,6411,46584904,1634785200
AL30,2021-10-22,6415,6430,6413,6420,62077416,1634871600
AL30,2021-10-25,6437,6442,6422,6429,88211040,1635130800
AL30,2021-10-26,6449,6450,6430,6431,92978960,1635217200
AL30,2021-10-27,6447,6447,6429,6429,76040672,1635303600
AL30,2021-10-28,6441,6441,6419,6420,70453968,1635390000
AL30,2021-10-29,6433,6433,6397,6398,68517608,1635476400
AL30,2021-11-01,6410,6415,6380,6391,140503136,1635735600
AL30,2021-11-02,6403,6409.5,6399,6400,158365440,1635822000
AL30,2021-11-03,6417,6417,6404.5,6407,100737616,1635908400
AL30,2021-11-04,6424,6455,6414,6.446,161264000,1635994800
AL30,2021-11-05,6499,6517.5,6460.5,6498,110579968,1636081200
AL30,2021-11-08,6540,6577.5,6530,6545,154012832,1636340400
AL30,2021-11-09,6580,6596,6550,6552,115310288,1636426800
AL30,2021-11-10,6577,6577,6551,6555,109552128,1636513200
AL30,2021-11-11,6589,6594,6561,6578,140722128,1636599600
AL30,2021-11-12,6597,6646,6588.5,6590,79292912,1636686000
AL30,2021-11-15,6640,6679.5,6625,6643,95583216,1636945200
AL30,2021-11-16,6685,6685,6540.5,6580,28314284,1637031600
AL30,2021-11-17,6581,6590,6510,6514,25839696,1637118000
AL30,2021-11-18,6525,6528.5,6361,6383,22487076,1637204400
AL30,2021-11-19,6377.5,6432,6255.5,6375,33912900,1637290800
AL30,2021-11-23,6330,6349,6215,6220,27068198,1637636400
AL30,2021-11-24,6220,6250,6138,6177,18118724,1637722800
AL30,2021-11-25,6175,6175,6050,6086,13227550,1637809200
AL30,2021-11-26,6070,6070,5850,5855,20017672,1637895600
AL30,2021-11-29,5851,5950,5781,5930,21025482,1638154800
AL30,2021-11-30,5930,5930,5858.5,5889,22054240,1638241200
AL30,2021-12-01,5890,6340,5890,6339,19862136,1638327600
AL30,2021-12-02,6350,6406,6308,6342,21405004,1638414000
AL30,2021-12-03,6340,6580,6330,6575,21925040,1638500400
AL30,2021-12-06,6580,6699,6418,6687,20090932,1638759600
AL30,2021-12-07,6720,6845,6700,6795,26433362,1638846000
AL30,2021-12-09,6821,6821,6650,6683,20029800,1639018800
AL30,2021-12-10,6687,6687,6570,6595,16147548,1639105200
AL30,2021-12-13,6550,6550,6425,6463,18191732,1639364400
AL30,2021-12-14,6468,6484,6400,6405,17874712,1639450800
AL30,2021-12-15,6405,6449,6315,6347,14368299,1639537200
AL30,2021-12-16,6350.5,6399,6321.5,6347,11869427,1639623600
AL30,2021-12-17,6348,6400,6321,6391,15989831,1639710000
AL30,2021-12-20,6400,6449,6305,6373,17806622,1639969200
AL30,2021-12-21,6399,6449,6354.5,6429,14698756,1640055600
AL30,2021-12-22,6470,6495,6430,6435,16197676,1640142000
AL30,2021-12-23,6450,6479,6315,6335,14679291,1640228400
AL30,2021-12-27,6379.5,6405,6335,6400,15794502,1640574000
AL30,2021-12-28,6410,6495,6394,6477,19082516,1640660400
AL30,2021-12-29,6497,6590,6482,6510,16458611,1640746800
AL30,2021-12-30,6550,6580,6426,6468,18233264,1640833200
AL30,2022-01-03,6478,6574,6470,6554.5,12766468,1641178800
AL30,2022-01-04,6560,6597,6451,6465,21871418,1641265200
AL30,2022-01-05,6495,6500,6381,6410,19998424,1641351600
AL30,2022-01-06,6330,6360,6250,6271,18756240,1641438000
AL30,2022-01-07,6244,6270,6123,6160,13878812,1641524400
AL30,2022-01-10,6170,6233,6075.5,6205,12008723,1641783600
AL30,2022-01-11,6245,6250,6111,6134.5,16557423,1641870000
AL30,2022-01-12,6177,6199.5,6080,6083,14127919,1641956400
AL30,2022-01-13,6095,6095,5947,5982,18703724,1642042800
AL30,2022-01-14,5977,5977,5905,5934,21378064,1642129200
AL30,2022-01-17,5959,5967.5,5910,5964,11761444,1642388400
AL30,2022-01-18,5959,5960,5901,5931,14052480,1642474800
AL30,2022-01-19,5988,6069,5960.5,6059,18549386,1642561200
AL30,2022-01-20,6100,6141,6071.5,6100,19354264,1642647600
AL30,2022-01-21,6120,6160,6070,6127,15433571,1642734000
AL30,2022-01-24,6135,6139.5,6085,6095,18215230,1642993200
AL30,2022-01-25,6110,6192,6052,6186.5,14460309,1643079600
AL30,2022-01-26,6200,6430,6200,6358,17664986,1643166000
AL30,2022-01-27,6358,6455,6299,6415,20733300,1643252400
AL30,2022-01-28,6600,6799,6535,6660,19152966,1643338800
AL30,2022-01-31,6670,6805,6670,6788,19424516,1643598000
AL30,2022-02-01,6780,6799,6661.5,6751,12195068,1643684400
AL30,2022-02-02,6799,6844.5,6712.5,6721,15576288,1643770800
AL30,2022-02-03,6745,6745,6530,6579,12099425,1643857200
AL30,2022-02-04,6570,6595,6386,6400,10657998,1643943600
AL30,2022-02-07,6435,6450,6323,6440,8563733,1644202800
AL30,2022-02-08,6450,6517,6402.5,6419,10678326,1644289200
AL30,2022-02-09,6471,6471,6315,6326.5,10765785,1644375600
AL30,2022-02-10,6325,6325,6215,6270,9700761,1644462000
AL30,2022-02-11,6287.5,6297,6179.5,6179.5,13656801,1644548400
AL30,2022-02-14,6179.5,6223,6092,6150,10021210,1644807600
AL30,2022-02-15,6197,6244,6109,6200,13455877,1644894000
AL30,2022-02-16,6250.5,6274,6201,6227,16094193,1644980400
AL30,2022-02-17,6230,6253,6160,6180,9360484,1645066800
AL30,2022-02-18,6200,6258,6095,6197,14277230,1645153200
AL30,2022-02-21,6207,6224,6151,6208.5,10841353,1645412400
AL30,2022-02-22,6234,6270,6007,6025,13278900,1645498800
AL30,2022-02-23,6020,6045,5960,6022,11302415,1645585200
AL30,2022-02-24,5999,6020,5765,5952,11400070,1645671600
AL30,2022-02-25,5999,5999,5846,5860,17969292,1645758000
AL30,2022-03-02,5859,5870,5760,5800,26561732,1646190000
AL30,2022-03-03,5800,5949.5,5708,5820,17832876,1646276400
AL30,2022-03-04,5805,5805,5615,5624,17814688,1646362800
AL30,2022-03-07,5620,5660,5475,5507,15034432,1646622000
AL30,2022-03-08,5502,5527,5423,5440,20219680,1646708400
AL30,2022-03-09,5459,5542.5,5459,5496,31035568,1646794800
AL30,2022-03-10,5550,5580,5480,5570,24702684,1646881200
AL30,2022-03-11,5621.5,5714.5,5520,5530,25975764,1646967600
AL30,2022-03-14,5539,5569.5,5490,5534,18733076,1647226800
AL30,2022-03-15,5550,5550,5465,5538,17956846,1647313200
AL30,2022-03-16,5580,5730,5560,5729.5,26496932,1647399600
AL30,2022-03-17,5790,5815,5652,5780,19240016,1647486000
AL30,2022-03-18,5798,5809,5651,5670,16702902,1647572400
AL30,2022-03-21,5695,5745,5636,5734.5,14973238,1647831600
AL30,2022-03-22,5755,5768.5,5667.5,5709,14887521,1647918000
AL30,2022-03-23,5729,5729,5625,5644,13431558,1648004400
AL30,2022-03-25,5681,5795,5670,5780,18589944,1648177200
AL30,2022-03-28,5810,5848,5785,5800,16255857,1648436400
AL30,2022-03-29,5845,5883,5782,5790,16782682,1648522800
AL30,2022-03-30,5800,5850,5760,5850,17785016,1648609200
AL30,2022-03-31,5875,5898,5775,5810,18415224,1648695600
AL30,2022-04-01,5840,5846,5793.5,5829,15847434,1648782000
AL30,2022-04-04,5835,5948,5812,5936,20677836,1649041200
AL30,2022-04-05,5944,5989.5,5825,5837,21031484,1649127600
AL30,2022-04-06,5785,5890,5730.5,5815,20335188,1649214000
AL30,2022-04-07,5830,5838.5,5760,5796.5,16620950,1649300400
AL30,2022-04-08,5796.5,5835,5712,5716,12427080,1649386800
AL30,2022-04-11,5709,5720.5,5651,5675,15451524,1649646000
AL30,2022-04-12,5750,5750,5646,5676,10504407,1649732400
AL30,2022-04-13,5677,5720,5650,5705,22589784,1649818800
AL30,2022-04-18,5699,5749,5671.5,5717,24713960,1650250800
AL30,2022-04-19,5707,5720,5672,5716.5,19054800,1650337200
AL30,2022-04-20,5750,5800,5720,5789,16299923,1650423600
AL30,2022-04-21,5830,5929,5786.5,5920,15671953,1650510000
AL30,2022-04-22,5910,5976.5,5870,5900,15729651,1650596400
AL30,2022-04-25,5902,6000,5825,5985,18359952,1650855600
AL30,2022-04-26,6005,6043,5953,6043,19183896,1650942000
AL30,2022-04-27,6055,6100,5930.5,5958,17592840,1651028400
AL30,2022-04-28,5980,5995,5778,5803,11554647,1651114800
AL30,2022-04-29,5804,5817,5660,5785,17497478,1651201200
AL30,2022-05-02,5780,5859.5,5701,5825,14763538,1651460400
AL30,2022-05-03,5855,5900,5804.5,5862,16742494,1651546800
AL30,2022-05-04,5868,5887,5816,5851,17488286,1651633200
AL30,2022-05-05,5878,5878,5760,5793,14207125,1651719600
AL30,2022-05-06,5795,5795,5665,5675,17132574,1651806000
AL30,2022-05-09,5659.5,5674.5,5562,5605,14377835,1652065200
AL30,2022-05-10,5647,5660,5606,5639,9046306,1652151600
AL30,2022-05-11,5651.5,5698,5650,5660,10932528,1652238000
AL30,2022-05-12,5659,5659,5535,5569.5,10529177,1652324400
AL30,2022-05-13,5568,5623,5545,5590,11600007,1652410800
AL30,2022-05-16,5590,5609,5537.5,5579.5,10458819,1652670000
AL30,2022-05-17,5600,5646.5,5475,5500,10846594,1652756400
AL30,2022-05-19,5494,5518,5418,5502,13408511,1652929200
AL30,2022-05-20,5524,5569,5402,5410,18156660,1653015600
AL30,2022-05-23,5420.5,5519,5420.5,5489,12964586,1653274800
AL30,2022-05-24,5510,5510,5442.5,5490,14381226,1653361200
AL30,2022-05-26,5514.5,5552,5505.5,5545,9884106,1653534000
AL30,2022-05-27,5559,5579,5492,5492,10478412,1653620400
AL30,2022-05-30,5504,5568,5470.5,5535,14949265,1653879600
AL30,2022-05-31,5520,5520,5431,5443,11619981,1653966000
AL30,2022-06-01,5460,5509.5,5424,5451,14619930,1654052400
AL30,2022-06-02,5460,5493.5,5425,5438,11674839,1654138800
AL30,2022-06-03,5469,5469,5381,5400,8885733,1654225200
AL30,2022-06-06,5400,5445,5395.5,5438,15026468,1654484400
AL30,2022-06-07,5443,5450,5362,5378.5,11342106,1654570800
AL30,2022-06-08,5378,5400,5185,5196.5,13057232,1654657200
AL30,2022-06-09,5179,5228,5071,5219,17274592,1654743600
AL30,2022-06-10,5223,5267.5,5110,5241,20245584,1654830000
AL30,2022-06-13,5241,5296,5109,5285,16791492,1655089200
AL30,2022-06-14,5286,5340,5205,5330,15388016,1655175600
AL30,2022-06-15,5397,5479,5310,5470,11317033,1655262000
AL30,2022-06-16,5425,5425,5259.5,5285,12468844,1655348400
AL30,2022-06-21,5290,5336,5216.5,5280,12200926,1655780400
AL30,2022-06-22,5270,5274.5,5075.5,5110,12652592,1655866800
AL30,2022-06-23,5165,5165,5025,5050,8989946,1655953200
AL30,2022-06-24,5048.5,5078.5,4730.5,4829,18404388,1656039600
AL30,2022-06-27,4800,4930,4751,4883,21513440,1656298800
AL30,2022-06-28,4900,5170,4785.5,5090,20080700,1656385200
AL30,2022-06-29,5075,5408,5000,5391,28455928,1656471600
AL30,2022-06-30,5252,5465,5252,5330,27379552,1656558000
AL30,2022-07-01,5330,5450,5321.5,5355,20576854,1656644400
AL30,2022-07-04,5350,5485,5280.5,5470,25345608,1656903600
AL30,2022-07-05,5439,5439,5001.5,5128.5,24143708,1656990000
AL30,2022-07-06,5158.5,5158.5,4990,5124.5,14401897,1657076400
AL30,2022-07-07,5150,5380,5124,5300,20725422,1657162800
AL30,2022-07-08,5320,5394,5185.5,5297.5,19086934,1657249200
AL30,2022-07-11,5298,5298,5133,5241,13362432,1657508400
AL30,2022-07-12,5200,5219,5000,5001,34168500,1657594800
AL30,2022-07-13,4974,5079,4861.5,5065,14938932,1657681200
AL30,2022-07-14,5015,5149,4970.5,5104,11390331,1657767600
AL30,2022-07-15,5140,5175,5082.5,5162,10494037,1657854000
AL30,2022-07-18,5170,5270,5170,5256,12030933,1658113200
AL30,2022-07-19,5250,5440,5196.5,5399,12161289,1658199600
AL30,2022-07-20,5349,5504.5,5330,5475,13844499,1658286000
AL30,2022-07-21,5490,5774,5403,5650,18045482,1658372400
AL30,2022-07-22,5659,5660,5412,5455,16886628,1658458800
AL30,2022-07-25,5480,5628,5332,5600,16022679,1658718000
AL30,2022-07-26,5600,5833.5,5526,5740,13419597,1658804400
AL30,2022-07-27,5700,6209.5,5670,6190,20806902,1658890800
AL30,2022-07-28,6162,6699,6100,6520,22515826,1658977200
AL30,2022-07-29,6559,6700,6201,6359,26692436,1659063600
AL30,2022-08-01,6400,6527.5,6266,6340.5,25376060,1659322800
AL30,2022-08-02,6418,6449,6154,6270,21722228,1659409200
AL30,2022-08-03,6299.5,6340,6066,6180,19209764,1659495600
AL30,2022-08-04,6211,6305,6122,6200,13649826,1659582000
AL30,2022-08-05,6219,6230,6041,6150,20402560,1659668400
AL30,2022-08-08,6208.5,6288.5,6171.5,6281,12180034,1659927600
AL30,2022-08-09,6265,6280,6119,6127,12961422,1660014000
AL30,2022-08-10,6205,6239,6040,6060,10329240,1660100400
AL30,2022-08-11,6090,6150,5945,5980,14139151,1660186800
AL30,2022-08-12,6033,6033,5875,5943,13925608,1660273200
AL30,2022-08-16,5966,6075,5871.5,6002,15289421,1660618800
AL30,2022-08-17,6002,6002,5912.5,5950,9976135,1660705200
AL30,2022-08-18,5998,6038.5,5951,6032,11660357,1660791600
AL30,2022-08-19,6032,6123,5936,6105,19639218,1660878000
AL30,2022-08-22,6099.5,6150,6041,6130.5,13310500,1661137200
AL30,2022-08-23,6199.5,6340,6137,6313,16095005,1661223600
AL30,2022-08-24,6331,6590,6330,6500,20913044,1661310000
AL30,2022-08-25,6505,6607.5,6434,6450,18139916,1661396400
AL30,2022-08-26,6519,6519,6201,6240,12066240,1661482800
AL30,2022-08-29,6239,6239,6107.5,6138,14284319,1661742000
AL30,2022-08-30,6129,6279,6080,6235,11167980,1661828400
AL30,2022-08-31,6250,6319,6216,6268,17867388,1661914800
AL30,2022-09-01,6259,6313,6152,6182,17543960,1662001200
AL30,2022-09-05,6182,6280,6102.5,6271,19052138,1662346800
AL30,2022-09-06,6257,6257,6115,6180,17178800,1662433200
AL30,2022-09-07,6180.5,6240,6151,6194.5,13460247,1662519600
AL30,2022-09-08,6224,6280,6200,6227,9893766,1662606000
AL30,2022-09-09,6250,6321,6155,6188,11776740,1662692400
AL30,2022-09-12,6233,6275,6200,6223,10700085,1662951600
AL30,2022-09-13,6219,6251.5,6110,6116,16436163,1663038000
AL30,2022-09-14,6134,6190,6070,6159.5,11873728,1663124400
AL30,2022-09-15,6180,6379,6130,6335,19938470,1663210800
AL30,2022-09-16,6399,6399,6248,6334,6864911,1663297200
AL30,2022-09-19,6299,6490,6230.5,6445,13067851,1663556400
AL30,2022-09-20,6525,6600,6300,6360,12888029,1663642800
AL30,2022-09-21,6352,6424.5,6281,6385,15282674,1663729200
AL30,2022-09-22,6385,6409,6340,6361,10811288,1663815600
AL30,2022-09-23,6359,6359,6123,6150,14872255,1663902000
AL30,2022-09-26,6159,6159,5820,5859,15067647,1664161200
AL30,2022-09-27,5890,5890,5446,5480,19762036,1664247600
AL30,2022-09-28,5455,5770.5,5330.5,5730,23360370,1664334000
AL30,2022-09-29,5725,5750,5518.5,5590,16192812,1664420400
AL30,2022-09-30,5659,5665.5,5410,5475,10605357,1664506800
AL30,2022-10-03,5552,5810,5475,5773,14550056,1664766000
AL30,2022-10-04,5853,5969.5,5780,5798,15093440,1664852400
AL30,2022-10-05,5787,5787,5650,5686.5,12275071,1664938800
AL30,2022-10-06,5679,5724,5515,5515,10605275,1665025200
AL30,2022-10-11,5510.5,5592,5326.5,5434,13910088,1665457200
AL30,2022-10-12,5468,5565,5417,5538,12080597,1665543600
AL30,2022-10-13,5534,5630,5463,5625,12705311,1665630000
AL30,2022-10-14,5623,5662.5,5422,5453.5,9192284,1665716400
AL30,2022-10-17,5539,5539,5381.5,5410,12863219,1665975600
AL30,2022-10-18,5450,5494.5,5351,5400,8193303,1666062000
AL30,2022-10-19,5399,5399,5308.5,5360,9478822,1666148400
AL30,2022-10-20,5370,5440,5370,5404,8551477,1666234800
AL30,2022-10-21,5435,5560,5363,5530,17222704,1666321200
AL30,2022-10-24,5551,5869,5551,5851,13627737,1666580400
AL30,2022-10-25,5930,6029,5905,5962,15074619,1666666800
AL30,2022-10-26,5997,5997,5840,5859,12600193,1666753200
AL30,2022-10-27,5890,5898.5,5760,5834,7437332,1666839600
AL30,2022-10-28,5845,5909.5,5763.5,5798,10911900,1666926000
AL30,2022-10-31,5797,5819.5,5740,5775,11373828,1667185200
AL30,2022-11-01,5850,5910,5800,5880,11062808,1667271600
AL30,2022-11-02,5919,5919,5785,5790,12087938,1667358000
AL30,2022-11-03,5790,5837.5,5716,5815,11169369,1667444400
AL30,2022-11-04,5849,5911.5,5760,5799,8381800,1667530800
AL30,2022-11-07,5838,5946,5805,5925,13898588,1667790000
AL30,2022-11-08,5969,6080,5930,6023,12986609,1667876400
AL30,2022-11-09,6054.5,6054.5,5906.5,5955,11332026,1667962800
AL30,2022-11-10,6038,6239,6038,6180,13027217,1668049200
AL30,2022-11-11,6200,6245,6110,6209,12355841,1668135600
AL30,2022-11-14,6259,6410,6140,6351,14287968,1668394800
AL30,2022-11-15,6400,6950,6400,6899,20011844,1668481200
AL30,2022-11-16,6949,7179,6900,7100,30494336,1668567600
AL30,2022-11-17,7090,7248.5,6910,6905,32366716,1668654000
AL30,2022-11-18,6950.5,7085,6640.5,6704,20904132,1668740400
AL30,2022-11-22,6700,6910,6650.5,6896,13664970,1669086000
AL30,2022-11-23,6968,7045,6897,6954.5,17536412,1669172400
AL30,2022-11-24,6955,7267.5,6810,7135,11669338,1669258800
AL30,2022-11-25,7140,7195,7003,7075,10683307,1669345200
AL30,2022-11-28,7080,7145,6955,7070,12565137,1669604400
AL30,2022-11-29,7130,7249,7030,7200,20276484,1669690800
AL30,2022-11-30,7298,7500,7220,7470,15139165,1669777200
AL30,2022-12-01,7529,7696.5,7450.5,7645,5507910,1669863600
AL30,2022-12-02,7680,7696,7512,7552,8845032,1669950000
AL30,2022-12-05,7649,7650,7400,7460,12487538,1670209200
AL30,2022-12-06,7539,7615,7420,7483,12055949,1670295600
AL30,2022-12-07,7528.5,7654,7505,7627,12338972,1670382000
AL30,2022-12-12,7627,7757.5,7528,7680,18827390,1670814000
AL30,2022-12-13,7700,7850,7680,7760,9661705,1670900400
AL30,2022-12-14,7780,7826,7651,7760,9806229,1670986800
AL30,2022-12-15,7864,7935,7750,7875,14878569,1671073200
AL30,2022-12-16,7920,8047.5,7849,8047.5,13529299,1671159600
AL30,2022-12-19,8125,8400,8072,8400,16434890,1671418800
AL30,2022-12-20,8500,8500,8300,8350,2553245,1671505200
AL30,2022-12-21,8459,8725,8355,8648,15708441,1671591600
AL30,2022-12-22,8645,8787,8000,8200,11888448,1671678000
AL30,2022-12-23,8440,8440,8196,8385,14494318,1671764400
AL30,2022-12-26,8440,8550,8300.5,8313,11521164,1672023600
AL30,2022-12-27,8400,8525.5,8330,8495,23436488,1672110000
AL30,2022-12-28,8550,8690,8366,8366,17894314,1672196400
AL30,2022-12-29,8475,8475,8051,8123,9146120,1672282800
AL30,2022-12-30,8098.5,8140,7656,8110,10654380,1672369200
AL30,2023-01-02,8166.5,8268,8000,8185,8229914,1672628400
AL30,2023-01-03,8297,8400,8151,8371,13533990,1672714800
AL30,2023-01-04,8450,8690,8410,8640,14521169,1672801200
AL30,2023-01-05,8650,8709,8470,8539.5,15062297,1672887600
AL30,2023-01-06,8590,8605,8383,8475,14013256,1672974000
AL30,2023-01-09,8564,8758,8475,8674,28575568,1673233200
AL30,2023-01-10,8770,8770,8600,8710,23931212,1673319600
AL30,2023-01-11,8780,9269.5,8760,9240,23643906,1673406000
AL30,2023-01-12,9368.5,9700,9207,9662,17350100,1673492400
AL30,2023-01-13,9789.5,9840,9412.5,9740,16466887,1673578800
AL30,2023-01-16,9850,10299,9720.5,10219,18065674,1673838000
AL30,2023-01-17,10258,10726.5,10100,10495,20280364,1673924400
AL30,2023-01-18,11199,11300,10711.5,10760,31132706,1674010800
AL30,2023-01-19,10770,10800,10239.5,10330,19357008,1674097200
AL30,2023-01-20,10499,10900,10000,10778,23456992,1674183600
AL30,2023-01-23,10899,11218,10830,10990,21319756,1674442800
AL30,2023-01-24,11099.5,11195,10970,11076,10838722,1674529200
AL30,2023-01-25,11199.5,11388,11039.5,11260,17603432,1674615600
AL30,2023-01-26,11260,11380,11030,11165,30336372,1674702000
AL30,2023-01-27,11298,11399.5,11101,11390,21390976,1674788400
AL30,2023-01-30,11530,11597,11360,11489,25231164,1675047600
AL30,2023-01-31,11599.5,11599.5,11335,11369,14605217,1675134000
AL30,2023-02-01,11499,11499,11320,11369,16511002,1675220400
AL30,2023-02-02,11495,11590,11423.5,11470,16770175,1675306800
AL30,2023-02-03,11490,11500,11127.5,11137,12905346,1675393200
AL30,2023-02-06,10899,10899.5,10600.5,10649.5,14839528,1675652400
AL30,2023-02-07,10649.5,10788,10200,10477,27047300,1675738800
AL30,2023-02-08,10589,10642.5,10452,10527,18893142,1675825200
AL30,2023-02-09,10669,10725.5,10551.5,10598,11866324,1675911600
AL30,2023-02-10,10598,10598,10328,10399,12145068,1675998000
AL30,2023-02-13,10488,10488,10271,10363,14057762,1676257200
AL30,2023-02-14,10480,10480,10221.5,10280,13981254,1676343600
AL30,2023-02-15,10373,10373,10033.5,10115,13732820,1676430000
AL30,2023-02-16,10159,10159,9810.5,9834,14740626,1676516400
AL30,2023-02-17,9839,9839,9402,9475,19381100,1676602800
AL30,2023-02-22,9424,9890,9150,9775,25086832,1677034800
AL30,2023-02-23,9810,10265,9805,10235,22992576,1677121200
AL30,2023-02-24,10297,10297,9901,9952.5,24464562,1677207600
AL30,2023-02-27,10088,10288.5,10000,10235,26404176,1677466800
AL30,2023-02-28,10320,10402,10120,10190,20209292,1677553200
AL30,2023-03-01,10280,10280,9800.5,9840,18396346,1677639600
AL30,2023-03-02,9839.5,9889.5,9500,9663,26112192,1677726000
AL30,2023-03-03,9750,9983.5,9610.5,9750,18336520,1677812400
AL30,2023-03-06,9886,9990,9810,9990,17683452,1678071600
AL30,2023-03-07,10099,10099,9800,9875,17809192,1678158000
AL30,2023-03-08,9900,9925,9759,9830,16405630,1678244400
AL30,2023-03-09,9830,9966.5,9780,9810,15496755,1678330800
AL30,2023-03-10,9850,9850,9441,9499,16274937,1678417200
AL30,2023-03-13,9499,9650,9302,9458,19671292,1678676400
AL30,2023-03-14,9499.5,9638.5,9412,9467,16252891,1678762800
AL30,2023-03-15,9379,9398,9180,9328,17529976,1678849200
AL30,2023-03-16,9349,9750,9250,9745,15712666,1678935600
AL30,2023-03-17,9745,9745,9511.5,9610,11987433,1679022000
AL30,2023-03-20,9600,9699,9503,9590,19491724,1679281200
AL30,2023-03-21,9677,9801,9590,9695,19776284,1679367600
AL30,2023-03-22,9598,9598,9010.5,9140,36829564,1679454000
AL30,2023-03-23,9189,9233,8829,8916.5,28851766,1679540400
AL30,2023-03-27,9000,9000,8723,8750,21055204,1679886000
AL30,2023-03-28,8789,9099,8630,9028,21855036,1679972400
AL30,2023-03-29,9152,9633,9152,9633,25655712,1680058800
AL30,2023-03-30,9780,10150,9760,10150,37449180,1680145200
AL30,2023-03-31,10292,10330,10155,10190,26223668,1680231600
AL30,2023-04-03,10299.5,10488,10150,10360.5,16448116,1680490800
AL30,2023-04-04,10400,10500,10025,10065,24671020,1680577200
AL30,2023-04-05,9800.5,9885,9600,9866,15794604,1680663600
AL30,2023-04-10,9850,9949,9685,9864,15276703,1681095600
AL30,2023-04-11,9976.5,10044,9755,9835,19651998,1681182000
AL30,2023-04-12,9975,10080,9870,10080,17541340,1681268400
AL30,2023-04-13,10195,10249.5,9989.5,10190,12841175,1681354800
AL30,2023-04-14,10300,10300,9820,9895,18037620,1681441200
AL30,2023-04-17,9994,10218,9900,9980,21556332,1681700400
AL30,2023-04-18,10087,10275,9952,9970,40934860,1681786800
AL30,2023-04-19,9995,9999,8900,8900,98030272,1681873200
AL30,2023-04-20,9099,9600,9099,9338,53752636,1681959600
AL30,2023-04-21,9301,9492,9245,9320,140827072,1682046000
AL30,2023-04-24,9370,9500,9203,9230,167060096,1682305200
AL30,2023-04-25,9345,9345,9216.5,9226,360057152,1682391600
AL30,2023-04-26,9315,9315,9251,9260,220118496,1682478000
AL30,2023-04-27,9339,9339,8945,9000,187961056,1682564400
AL30,2023-04-28,9030,9039,8800,9001,159866656,1682650800
AL30,2023-05-02,9127.80664,9360.75,8787,9127.80664,36408412,1682996400
AL30,2023-05-03,9189.5,9189.5,8991,9063,303327840,1683082800
AL30,2023-05-04,9058,9330,8967,9058,43043312,1683169200
AL30,2023-05-05,9119,9119,9060.5,9070,189314032,1683255600
AL30,2023-05-08,9120,9120,9060,9065,195451104,1683514800
AL30,2023-05-09,9079,9142.5,9067,9070,423134208,1683601200
AL30,2023-05-10,9125.03613,9320,9057.39,9125.03613,30871916,1683687600
AL30,2023-05-11,9448.46484,9600,9199.6,9448.46484,63914168,1683774000
AL30,2023-05-12,9500,9740,9472.5,9642,193202304,1683860400
AL30,2023-05-15,10282.82422,10775.5,9780,10282.82422,63529328,1684119600
AL30,2023-05-16,10150,10418,10140,10380,328568992,1684206000
AL30,2023-05-17,10449.44824,10994.9,9998.2,10449.44824,44578028,1684292400
AL30,2023-05-18,10475,10475,10070,10300,147850304,1684378800
AL30,2023-05-19,10350,10450,10293,10345,166884272,1684465200
AL30,2023-05-22,10381,10449,10275,10280,211976688,1684724400
AL30,2023-05-23,10350,10556.5,10331,10350,26004704,1684810800
AL30,2023-05-24,10339,10363,10010,10129,110889184,1684897200
AL30,2023-05-29,10239,10239,10029.5,10153,147447712,1685329200
AL30,2023-05-30,10162.59961,10600,9986.75,10162.59961,29570732,1685415600
AL30,2023-05-31,10484.45605,10758,10003.7,10484.45605,69696128,1685502000
AL30,2023-06-01,10269.78125,10615.1,10155.8,10269.78125,94370672,1685588400
AL30,2023-06-02,10257.3877,10526,10199.8,10257.3877,66902240,1685674800
AL30,2023-06-05,10481.71094,10623.3,10160,10481.71094,48468540,1685934000
AL30,2023-06-06,10745.37695,10993,10507.3,10745.37695,87925376,1686020400
AL30,2023-06-07,11249.38379,11730,10519.5,11249.38379,32116220,1686106800
AL30,2023-06-08,11152.65039,11396.5,10912.9,11152.65039,28301000,1686193200
AL30,2023-06-09,11090,11168,10950,10954,131949648,1686279600
AL30,2023-06-12,11069,11400,10975,11219,180108768,1686538800
AL30,2023-06-13,11338,11539.5,11220,11221,329295296,1686625200
AL30,2023-06-14,11330,11345.5,11210,11232,211776096,1686711600
AL30,2023-06-15,11314,11430,11270,11307,223098832,1686798000
AL30,2023-06-16,11373,11379,11216,11307,151057056,1686884400
AL30,2023-06-21,11355,12552.5,11355,12520,203596464,1687316400
AL30,2023-06-22,12622,13499.5,12622,12850,217852640,1687402800
AL30,2023-06-23,12874.5,12917,12470,12844,163185440,1687489200
AL30,2023-06-26,13229,13999,13229,13532,188714480,1687748400
AL30,2023-06-27,13532,13559.5,13400,13462,110273920,1687834800
AL30,2023-06-28,13550,13921,13531,13862,145938800,1687921200
AL30,2023-06-29,13950,14082.5,13923,13968,89776576,1688007600
AL30,2023-06-30,14100,14250,14026.5,14225,89750224,1688094000
AL30,2023-07-03,14395,14973,14325,14810,106379760,1688353200
AL30,2023-07-04,14990,15043,14560.5,14850,92943248,1688439600
AL30,2023-07-05,14950,15100,14560.5,14585,143510032,1688526000
AL30,2023-07-06,14410,14410,13685,13719,121098032,1688612400
AL30,2023-07-07,13790,13790,13405,13653,148844960,1688698800
AL30,2023-07-10,13776,14334,13710,14260,107643432,1688958000
AL30,2023-07-11,14399,14730,14399,14642,163535216,1689044400
AL30,2023-07-12,14797,14935.5,14420.5,14467,174901008,1689130800
AL30,2023-07-13,14796.42773,15067,14200,14796.42773,61860008,1689217200
AL30,2023-07-14,14525,14590,14031,14050,206114048,1689303600
AL30,2023-07-17,14200,14460.5,14150.5,14160,258038912,1689562800
AL30,2023-07-18,14277,14277,14055,14060,218468176,1689649200
AL30,2023-07-19,14130,14130,13985,14020,120323128,1689735600
AL30,2023-07-20,14024,14335.5,13802,14250,196715664,1689822000
AL30,2023-07-21,14299,14555,14270,14505,135930240,1689908400
AL30,2023-07-24,14859,14900,14680,14800,122081304,1690167600
AL30,2023-07-25,14937,15290,14670.5,15060,230991120,1690254000
AL30,2023-07-26,15120,15120,14642.5,15040,162213648,1690340400
AL30,2023-07-27,14987,15207,14903.5,15090,123287408,1690426800
AL30,2023-07-28,15200,15699,15200,15455,182320400,1690513200
AL30,2023-07-31,15579,15899.5,15555,15627,204888352,1690772400
AL30,2023-08-01,15755.38867,16513.2,15480,15755.38867,45567328,1690858800
AL30,2023-08-02,15799,16105.5,15721,16020,257804480,1690945200
AL30,2023-08-03,16100,16336,15860.5,16114,222036848,1691031600
AL30,2023-08-04,16199,16585,16150,16270,282522496,1691118000
AL30,2023-08-07,16400,17100,16338,17000,384427456,1691377200
AL30,2023-08-08,17284,17589,17060,17070,498158656,1691463600
AL30,2023-08-09,17200,17380,17123,17300,437047872,1691550000
AL30,2023-08-10,17500,18046.5,17500,17665,366484800,1691636400
AL30,2023-08-11,17890,17890,17570,17620,318634880,1691722800
AL30,2023-08-14,17700,18150,17100,18150,200587104,1691982000
AL30,2023-08-15,18248,18600.5,17819,18249,163005248,1692068400
AL30,2023-08-16,18300,18720,18300,18650,289529376,1692154800
AL30,2023-08-17,18991,20000,18750.5,19880,194794384,1692241200
AL30,2023-08-18,19988,20939,19900,20675,169186848,1692327600
AL30,2023-08-22,20900,21599.5,20850,21428,174820400,1692673200
AL30,2023-08-23,21675,21974,21430,21609,152407200,1692759600
AL30,2023-08-24,21703,21872,21400,21788,123751512,1692846000
AL30,2023-08-25,21800,22420.5,21755,22366,144832720,1692932400
AL30,2023-08-28,22785,23405,22690,23140,184426832,1693191600
AL30,2023-08-29,23387,23820,23320,23630,198302608,1693278000
AL30,2023-08-30,23738,23999,22462.5,23049,302932032,1693364400
AL30,2023-08-31,23150,23391,22440,22535,205538400,1693450800
AL30,2023-09-01,22699,22750,22000,22200,190782688,1693537200
AL30,2023-09-04,22300,22596.5,22034.5,22121,194308960,1693796400
AL30,2023-09-05,21600,22233,21500,21629,176871152,1693882800
AL30,2023-09-06,21688,21689,21337,21530,180802016,1693969200
AL30,2023-09-07,21699.5,21796.5,21390,21465,206615744,1694055600
AL30,2023-09-08,21597,21740,20500,20880,192329920,1694142000
AL30,2023-09-11,20982,20989,20651,20780,150958176,1694401200
AL30,2023-09-12,20878,21083,20653,20937,165984112,1694487600
AL30,2023-09-13,20999,21380,20950,20988,219474032,1694574000
AL30,2023-09-14,21100,21395,21020,21040,204541536,1694660400
AL30,2023-09-15,21100,21129,20852.5,20900,152501008,1694746800
AL30,2023-09-18,20989,21500,20755.5,21175,185896816,1695006000
AL30,2023-09-19,21238,21347.5,20781,20857,203244560,1695092400
AL30,2023-09-20,20919,20935,20450,20480,178447040,1695178800
AL30,2023-09-21,20290,20290,19837.5,20000,207418432,1695265200
AL30,2023-09-22,20000,20181.5,19896.5,20030,242433264,1695351600
AL30,2023-09-25,20050,20770,19800,20400,274264224,1695610800
AL30,2023-09-26,20497,20968,20340,20813,233659296,1695697200
AL30,2023-09-27,20921.5,21350,20870.5,21015,377704672,1695783600
AL30,2023-09-28,21144,21282,20500,20777,458560448,1695870000
AL30,2023-09-29,20870,20903.5,20481,20490,404017216,1695956400
AL30,2023-10-02,20580,20580,20156,20239,485840320,1696215600
AL30,2023-10-03,20239,20347,19820,20190,420735296,1696302000
AL30,2023-10-04,20250,20799.5,20250,20727,464633888,1696388400
AL30,2023-10-05,20920,21299.5,20824,20987,503397280,1696474800
AL30,2023-10-06,21080,21690,20780,21440,467166624,1696561200
AL30,2023-10-09,21790,22590,21600,22170,570654912,1696820400
AL30,2023-10-10,22622,22968.5,22500,22665,672418176,1696906800
AL30,2023-10-11,22999,23899,22900,23010,715915072,1696993200
AL30,2023-10-12,23499,23520,23100,23340,558213568,1697079600
AL30,2023-10-17,23788,24500,23602,24270,819579584,1697511600
AL30,2023-10-18,24475,25249,24350,24610,695990208,1697598000
AL30,2023-10-19,24831,25024,24506,24506,516532704,1697684400
AL30,2023-10-20,24730,25730,24550,25390,403135232,1697770800
